<?xml version="1.0" encoding="UTF-8" standalone="yes"?>
<addon id="repository.Mirepor" name="[COLOR red]High Roller TV[/COLOR] Repo" version="1.0.3" provider-name="Gonzalez">
    <extension point="xbmc.addon.repository" name="HRTV REPO">
        <info>https://raw.githubusercontent.com/tontixs/Wizar-repo/master/Repositorio/addons.xml</info>
        <checksum>https://raw.githubusercontent.com/tontixs/Wizar-repo/master/Repositorio/addons.xml.md5</checksum>
        <datadir zip="true">https://raw.githubusercontent.com/tontixs/master/Repositorio/</datadir>
    </extension>
    <extension point="xbmc.addon.metadata">
        <summary>Repository Hihg Roller TV</summary>
        <description>Wizard HRTV</description>
        <disclaimer></disclaimer>
        <platform>all</platform>
    </extension>
</addon>
